{"cameraMode":{"drawMode":0,"name":"Shaded","section":"Shading Mode"},"sceneLighting":true,"audioPlay":false,"sceneViewState":{"m_AlwaysRefresh":false,"showFog":false,"showSkybox":true,"showFlares":true,"showImageEffects":true,"showParticleSystems":true,"showVisualEffectGraphs":true,"m_FxEnabled":true},"in2DMode":false,"pivot":{"x":1554.4635009765625,"y":406.6864929199219,"z":-1.9902793169021607},"rotation":{"x":-0.03406572714447975,"y":0.20451882481575013,"z":-0.007123854476958513,"w":-0.9782494306564331},"size":354.5555419921875,"orthographic":false}