{"cameraMode":{"drawMode":0,"name":"Shaded","section":"Shading Mode"},"sceneLighting":true,"audioPlay":false,"sceneViewState":{"m_AlwaysRefresh":false,"showFog":false,"showSkybox":true,"showFlares":true,"showImageEffects":true,"showParticleSystems":true,"showVisualEffectGraphs":true,"m_FxEnabled":true},"in2DMode":false,"pivot":{"x":82.27911376953125,"y":-15.000785827636719,"z":2140.267822265625},"rotation":{"x":-0.16155275702476502,"y":0.026095665991306306,"z":-0.0042668539099395279,"w":-0.9865747094154358},"size":31.0292911529541,"orthographic":false}