{"cameraMode":{"drawMode":0,"name":"Shaded","section":"Shading Mode"},"sceneLighting":true,"audioPlay":false,"sceneViewState":{"m_AlwaysRefresh":false,"showFog":false,"showSkybox":true,"showFlares":true,"showImageEffects":true,"showParticleSystems":true,"showVisualEffectGraphs":true,"m_FxEnabled":true},"in2DMode":false,"pivot":{"x":80.35616302490235,"y":5.773843288421631,"z":2083.892333984375},"rotation":{"x":0.009857695549726487,"y":0.8048620223999023,"z":0.014711569994688034,"w":-0.5934626460075378},"size":3.0809288024902345,"orthographic":false}