{"cameraMode":{"drawMode":0,"name":"Shaded","section":"Shading Mode"},"sceneLighting":true,"audioPlay":false,"sceneViewState":{"m_AlwaysRefresh":false,"showFog":false,"showSkybox":true,"showFlares":true,"showImageEffects":true,"showParticleSystems":true,"showVisualEffectGraphs":true,"m_FxEnabled":true},"in2DMode":false,"pivot":{"x":85.63070678710938,"y":22.404420852661134,"z":3.4854702949523927},"rotation":{"x":-0.024174965918064119,"y":-0.10418257862329483,"z":0.0025317384861409666,"w":-0.9942662715911865},"size":0.901349663734436,"orthographic":false}