{"cameraMode":{"drawMode":0,"name":"Shaded","section":"Shading Mode"},"sceneLighting":true,"audioPlay":false,"sceneViewState":{"m_AlwaysRefresh":false,"showFog":false,"showSkybox":true,"showFlares":true,"showImageEffects":true,"showParticleSystems":true,"showVisualEffectGraphs":true,"m_FxEnabled":true},"in2DMode":false,"pivot":{"x":47.14261245727539,"y":12.282663345336914,"z":11.201969146728516},"rotation":{"x":-0.10261118412017822,"y":0.6336266994476318,"z":-0.08526839315891266,"w":-0.7621039152145386},"size":21.165616989135743,"orthographic":false}