{"cameraMode":{"drawMode":0,"name":"Shaded","section":"Shading Mode"},"sceneLighting":false,"audioPlay":false,"sceneViewState":{"m_AlwaysRefresh":false,"showFog":false,"showSkybox":false,"showFlares":true,"showImageEffects":true,"showParticleSystems":true,"showVisualEffectGraphs":true,"m_FxEnabled":true},"in2DMode":false,"pivot":{"x":-0.12286913394927979,"y":1.2653619050979615,"z":0.6135842800140381},"rotation":{"x":-0.08122031390666962,"y":-0.0008995574899017811,"z":0.00007094862667145208,"w":-0.9967011213302612},"size":2.2803659439086916,"orthographic":false}