{"cameraMode":{"drawMode":0,"name":"Shaded","section":"Shading Mode"},"sceneLighting":false,"audioPlay":false,"sceneViewState":{"m_AlwaysRefresh":false,"showFog":false,"showSkybox":false,"showFlares":true,"showImageEffects":true,"showParticleSystems":true,"showVisualEffectGraphs":true,"m_FxEnabled":true},"in2DMode":false,"pivot":{"x":86.02606964111328,"y":21.787254333496095,"z":5.213586330413818},"rotation":{"x":-0.6412865519523621,"y":0.015433461405336857,"z":-0.012881139293313027,"w":-0.7670896649360657},"size":0.24281470477581025,"orthographic":false}